Voltaje_(V),Corriente_(A)
-37.484393,-0.000118
-33.127446,-0.000149
-28.544114,-0.000136
-23.960786,-0.000111
-19.377444,-0.000102
-14.794119,-0.000091
-10.21078,-0.000081
-5.627445,-0.000066
-1.044128,-0.000044
3.539226,0.000001
8.122554,0.000097
12.705885,0.000285
17.289217,0.000462
21.872552,0.000783
26.455888,0.000941
31.039208,0.001258
35.622558,0.001387
40.205883,0.001327
44.789207,0.001681
49.372557,0.001542
53.955881,0.00198
58.539224,0.001938
63.122548,0.001888
67.698414,0.001945
