Voltaje_(V),Corriente_(A)
-37.484393,-0.000002
-33.127446,-0.000016
-28.544114,-0.000118
-23.960786,-0.000058
-19.377444,-0.000047
-14.794119,-0.000041
-10.21078,-0.000033
-5.627445,-0.000028
-1.044128,-0.000018
3.539226,-0.000004
8.122554,0.000037
12.705885,0.000125
17.289217,0.000306
21.872552,0.000422
26.455888,0.000507
31.039208,0.000753
35.622558,0.000801
40.205883,0.00081
44.789207,0.000872
49.372557,0.001143
53.955881,0.001319
58.539224,0.001338
63.122548,0.001364
67.698414,0.001441
