Voltaje_(V),Corriente_(A)
-37.484393,-0.000152
-33.127446,-0.00013
-28.544114,-0.000132
-23.960786,-0.000129
-19.377444,-0.000106
-14.794119,-0.000092
-10.21078,-0.000096
-5.627445,-0.000067
-1.044128,-0.000036
3.539226,-0.000001
8.122554,0.000086
12.705885,0.000271
17.289217,0.000634
21.872552,0.000895
26.455888,0.001204
31.039208,0.001317
35.622558,0.001662
40.205883,0.00159
44.789207,0.001594
49.372557,0.00228
53.955881,0.002017
58.539224,0.00245
63.122548,0.002432
67.698414,0.002314
