Voltaje_(V),Corriente_(A)
-37.484393,-0.000097
-33.127446,-0.000078
-28.544114,-0.000092
-23.960786,-0.000093
-19.377444,-0.000071
-14.794119,-0.00006
-10.21078,-0.000049
-5.627445,-0.00004
-1.044128,-0.000023
3.539226,-0.000002
8.122554,0.000051
12.705885,0.000174
17.289217,0.000324
21.872552,0.000407
26.455888,0.000594
31.039208,0.000792
35.622558,0.000593
40.205883,0.000853
44.789207,0.000925
49.372557,0.000991
53.955881,0.000726
58.539224,0.001008
63.122548,0.000942
67.698414,0.001129
