Voltaje_(V),Corriente_(A)
-37.484393,-0.000121
-33.127446,-0.000108
-28.544114,-0.000098
-23.960786,-0.000094
-19.377444,-0.000072
-14.794119,-0.000088
-10.21078,-0.000062
-5.627445,-0.000049
-1.044128,-0.000029
3.539226,-0.000002
8.122554,0.000073
12.705885,0.000255
17.289217,0.0004
21.872552,0.000634
26.455888,0.000854
31.039208,0.000844
35.622558,0.001042
40.205883,0.001312
44.789207,0.001506
49.372557,0.001688
53.955881,0.001611
58.539224,0.001314
63.122548,0.001466
67.698414,0.001588
