Voltaje_(V),Corriente_(A)
-37.484393,-0.000098
-33.127446,-0.000132
-28.544114,-0.000121
-23.960786,-0.000104
-19.377444,-0.000113
-14.794119,-0.000075
-10.21078,-0.000065
-5.627445,-0.000054
-1.044128,-0.000031
3.539226,-0.000001
8.122554,0.000073
12.705885,0.000213
17.289217,0.000496
21.872552,0.000652
26.455888,0.000856
31.039208,0.000991
35.622558,0.001142
40.205883,0.001268
44.789207,0.001621
49.372557,0.001624
53.955881,0.001541
58.539224,0.00154
63.122548,0.001865
67.698414,0.00167
