Voltaje_(V),Corriente_(A)
-37.484393,-0.000091
-33.127446,-0.000081
-28.544114,-0.000095
-23.960786,-0.000086
-19.377444,-0.000081
-14.794119,-0.000076
-10.21078,-0.000071
-5.627445,-0.000048
-1.044128,-0.000035
3.539226,0.000001
8.122554,0.000076
12.705885,0.000289
17.289217,0.000671
21.872552,0.000863
26.455888,0.001034
31.039208,0.001237
35.622558,0.001571
40.205883,0.00161
44.789207,0.001865
49.372557,0.002288
53.955881,0.002342
58.539224,0.002013
63.122548,0.002318
67.698414,0.002768
