Voltaje_(V),Corriente_(A)
-37.484393,-0.000156
-33.127446,-0.000143
-28.544114,-0.000131
-23.960786,-0.000129
-19.377444,-0.000111
-14.794119,-0.000114
-10.21078,-0.000089
-5.627445,-0.000074
-1.044128,-0.000039
3.539226,-0.000003
8.122554,0.000098
12.705885,0.000332
17.289217,0.000621
21.872552,0.00088
26.455888,0.001081
31.039208,0.001673
35.622558,0.001714
40.205883,0.00173
44.789207,0.002023
49.372557,0.002059
53.955881,0.002028
58.539224,0.002194
63.122548,0.002906
67.698414,0.002284
