Voltaje_(V),Corriente_(A)
-37.484393,-0.000127
-33.127446,-0.000134
-28.544114,-0.00012
-23.960786,-0.000126
-19.377444,-0.000097
-14.794119,-0.000105
-10.21078,-0.000084
-5.627445,-0.000062
-1.044128,-0.000038
3.539226,0.000002
8.122554,0.000084
12.705885,0.000284
17.289217,0.000471
21.872552,0.000776
26.455888,0.001096
31.039208,0.001101
35.622558,0.001572
40.205883,0.001286
44.789207,0.001491
49.372557,0.001655
53.955881,0.001399
58.539224,0.001616
63.118261,0.001932
67.7016,0.001846
