Voltaje_(V),Corriente_(A)
-37.484393,-0.000007
-33.127446,-0.000005
-28.544114,-0.000005
-23.960786,-0.000006
-19.377444,-0.000005
-14.794119,-0.000004
-10.21078,-0.000003
-5.627445,-0.000003
-1.044128,-0.000002
3.539226,0
8.122554,0.000005
12.705885,0.000014
17.289217,0.000023
21.872552,0.000034
26.455888,0.000036
31.039208,0.000055
35.622558,0.000063
40.205883,0.000054
44.789207,0.000066
49.372557,0.000074
53.955881,0.000078
58.539224,0.000101
63.122548,0.000095
67.698414,0.0001
