Voltaje_(V),Corriente_(A)
-37.484393,-0.000005
-33.127446,-0.000005
-28.544114,-0.000005
-23.960786,-0.000004
-19.377444,-0.000003
-14.794119,-0.000004
-10.21078,-0.000003
-5.627445,-0.000002
-1.044128,-0.000001
3.539226,0
8.122554,0.000004
12.705885,0.000013
17.289217,0.000021
21.872552,0.000027
26.455888,0.000034
31.039208,0.000042
35.622558,0.000044
40.205883,0.000048
44.789207,0.000055
49.372557,0.000065
53.955881,0.000062
58.539224,0.000078
63.122548,0.000089
