Voltaje_(V),Corriente_(A)
-37.484393,-0.000008
-33.127446,-0.000006
-28.544114,-0.000006
-23.960786,-0.000007
-19.377444,-0.000005
-14.794119,-0.000005
-10.21078,-0.000004
-5.627445,-0.000003
-1.044128,-0.000002
3.539226,0
8.122554,0.000007
12.705885,0.000017
17.289217,0.000033
21.872552,0.000041
26.455888,0.000044
31.039208,0.00006
35.622558,0.000064
40.205883,0.000066
44.789207,0.000092
49.372557,0.000092
53.955881,0.000084
58.539224,0.0001
63.118261,0.000135
67.540536,0.000109
