Voltaje_(V),Corriente_(A)
-37.484393,-0.000008
-33.127446,-0.000007
-28.544114,-0.000009
-23.960786,-0.000007
-19.377444,-0.000006
-14.794119,-0.000005
-10.21078,-0.000004
-5.627445,-0.000003
-1.044128,-0.000002
3.539226,0
8.122554,0.000007
12.705885,0.000022
17.289217,0.000033
21.872552,0.000049
26.455888,0.000062
31.039208,0.000088
35.622558,0.000087
40.205883,0.000095
44.789207,0.000113
49.372557,0.000092
53.955881,0.000109
58.539224,0.000122
63.122548,0.000133
67.698414,0.000134
