Voltaje_(V),Corriente_(A)
-37.484393,-0.000008
-33.127446,-0.000007
-28.544114,-0.000007
-23.960786,-0.000006
-19.377444,-0.000005
-14.794119,-0.000005
-10.21078,-0.000004
-5.627445,-0.000003
-1.044128,-0.000002
3.539226,0
8.122554,0.000007
12.705885,0.000019
17.289217,0.000036
21.872552,0.000044
26.455888,0.000054
31.039208,0.000057
35.622558,0.000061
40.205883,0.000081
44.789207,0.000073
49.372557,0.000078
53.955881,0.000088
58.539224,0.000098
63.122548,0.00013
67.698414,0.00012
