Voltaje_(V),Corriente_(A)
-37.484393,-0.000066
-33.127446,-0.000061
-28.544114,-0.000057
-23.960786,-0.000053
-19.377444,-0.000049
-14.794119,-0.00004
-10.21078,-0.00003
-5.627445,-0.000018
-1.044128,0
3.539226,0.000026
8.122554,0.000077
12.705885,0.000159
17.289217,0.000265
21.872552,0.000383
26.455888,0.000496
31.039208,0.000544
35.622558,0.000652
40.205883,0.000733
44.789207,0.000793
49.372557,0.000802
53.955881,0.000898
58.539224,0.000946
63.122548,0.001074
67.4546,0.001091
