Voltaje_(V),Corriente_(A)
-37.484393,-0.000072
-33.127446,-0.000073
-28.544114,-0.000065
-23.960786,-0.000059
-19.377444,-0.000052
-14.794119,-0.000042
-10.21078,-0.000033
-5.627445,-0.000017
-1.044128,0.000004
3.539226,0.000038
8.122554,0.000095
12.705885,0.000188
17.289217,0.000321
21.872552,0.000458
26.455888,0.000563
31.039208,0.000643
35.622558,0.00075
40.205883,0.000875
44.789207,0.000954
49.372557,0.000999
53.955881,0.001041
58.539224,0.001097
63.122548,0.001183
67.698414,0.001242
