Voltaje_(V),Corriente_(A)
-37.484393,-0.000081
-33.127446,-0.000075
-28.544114,-0.000066
-23.960786,-0.000064
-19.377444,-0.000054
-14.794119,-0.000045
-10.21078,-0.000034
-5.627445,-0.000018
-1.044128,0.000003
3.539226,0.000033
8.122554,0.000092
12.705885,0.00019
17.289217,0.000302
21.872552,0.000457
26.455888,0.00055
31.039208,0.000696
35.622558,0.000798
40.205883,0.000844
44.789207,0.000945
49.372557,0.001026
53.955881,0.00104
58.539224,0.001098
63.122548,0.001263
67.698414,0.001246
