Voltaje_(V),Corriente_(A)
-37.484393,-0.000067
-33.127446,-0.000066
-28.544114,-0.000061
-23.960786,-0.000057
-19.377444,-0.000048
-14.794119,-0.000044
-10.21078,-0.000032
-5.627445,-0.00002
-1.044128,-0.000002
3.539226,0.000025
8.122554,0.000077
12.705885,0.000166
17.289217,0.000282
21.872552,0.000377
26.455888,0.000482
31.039208,0.000657
35.622558,0.000623
40.205883,0.000732
44.789207,0.000775
49.372557,0.000951
53.955881,0.000942
58.539224,0.000997
63.122548,0.001034
67.698414,0.001126
