Voltaje_(V),Corriente_(A)
-37.484393,-0.000074
-33.127446,-0.00006
-28.544114,-0.000059
-23.960786,-0.000052
-19.377444,-0.000046
-14.794119,-0.000039
-10.21078,-0.00003
-5.627445,-0.000015
-1.044128,0.000004
3.539226,0.000034
8.122554,0.000085
12.705885,0.000169
17.289217,0.000297
21.872552,0.00042
26.455888,0.000495
31.039208,0.000613
35.622558,0.000683
40.205883,0.000758
44.789207,0.000826
49.372557,0.000209
