Voltaje_(V),Corriente_(A)
-37.484393,-0.000128
-33.127446,-0.000113
-28.544114,-0.000105
-23.960786,-0.000092
-19.377444,-0.000078
-14.794119,-0.000064
-10.21078,-0.00005
-5.627445,-0.00003
-1.044128,-0.000003
3.539226,0.000034
8.122554,0.000103
12.705885,0.00022
17.289217,0.000373
21.872552,0.000541
26.455888,0.000659
31.039208,0.000798
35.622558,0.000876
40.205883,0.000954
44.789207,0.001127
49.372557,0.001147
53.955881,0.001291
58.539224,0.001474
63.122548,0.001537
67.698414,0.001419
