Voltaje_(V),Corriente_(A)
-37.484393,-0.000068
-33.127446,-0.000065
-28.544114,-0.000059
-23.960786,-0.000053
-19.377444,-0.000047
-14.794119,-0.000041
-10.21078,-0.000029
-5.627445,-0.000015
-1.044128,0.000004
3.539226,0.000032
8.122554,0.000084
12.705885,0.000173
17.289217,0.000295
21.872552,0.000406
26.455888,0.00052
31.039208,0.00059
35.622558,0.000711
40.205883,0.000777
44.789207,0.000829
49.372557,0.000897
53.955881,0.000936
58.539224,0.000999
63.122548,0.001035
67.698414,0.001123
