Voltaje_(V),Corriente_(A)
-37.484393,-0.000102
-33.127446,-0.000094
-28.544114,-0.000082
-23.960786,-0.000076
-19.377444,-0.000067
-14.794119,-0.000055
-10.21078,-0.00004
-5.627445,-0.000023
-1.044128,0
3.539226,0.000035
8.122554,0.0001
12.705885,0.000208
17.289217,0.000337
21.872552,0.000484
26.455888,0.000656
31.039208,0.000762
35.622558,0.00086
40.205883,0.000924
44.789207,0.000938
49.372557,0.001096
53.955881,0.001184
58.539224,0.001208
63.122548,0.001321
67.698414,0.001322
