Voltaje_(V),Corriente_(A)
-37.484393,-0.000165
-33.127446,-0.000154
-28.544114,-0.000137
-23.960786,-0.000128
-19.377444,-0.000111
-14.794119,-0.000088
-10.21078,-0.000068
-5.627445,-0.00004
-1.044128,-0.000004
3.539226,0.000046
8.122554,0.000127
12.705885,0.000268
17.289217,0.000461
21.872552,0.000701
26.455888,0.000915
31.039208,0.001052
35.622558,0.001173
40.205883,0.001249
44.789207,0.001446
49.372557,0.001547
53.955881,0.0017
58.539224,0.001769
63.122548,0.001839
67.698414,0.001857
