Voltaje_(V),Corriente_(A)
-37.484393,-0.000031
-33.127446,-0.000033
-28.544114,-0.000024
-23.960786,-0.000024
-19.377444,-0.000021
-14.794119,-0.000019
-10.21078,-0.000014
-5.627445,-0.000011
-1.044128,-0.000006
3.539226,0.000003
8.122554,0.000026
12.705885,0.000083
17.289217,0.000191
21.872552,0.000238
26.455888,0.000303
31.039208,0.000399
35.622558,0.000478
40.205883,0.000517
44.789207,0.000584
49.372557,0.000726
53.955881,0.000715
58.539224,0.00066
63.122548,0.000822
67.698414,0.000851
