Voltaje_(V),Corriente_(A)
-36.885455,-0.000037
-31.881507,-0.00003
-26.464839,-0.000024
-21.048168,-0.000021
-15.631508,-0.000019
-10.214837,-0.000017
-4.79817,-0.000014
0.618483,-0.000004
6.035165,0.000013
11.451832,0.0001
16.868496,0.000179
22.285156,0.000255
27.701834,0.0003
33.118491,0.000319
38.535162,0.000487
43.951822,0.00052
49.368496,0.000426
54.78516,0.000598
60.201827,0.000602
65.618491,0.000687
71.035151,0.000522
76.45183,0.000563
81.868508,0.000681
87.284707,0.000501
