Voltaje_(V),Corriente_(A)
-37.484393,-0.000032
-33.127446,-0.00003
-28.544114,-0.000027
-23.960786,-0.000021
-19.377444,-0.000024
-14.794119,-0.000021
-10.21078,-0.000016
-5.627445,-0.000011
-1.044128,-0.000006
3.539226,0.000003
8.122554,0.000028
12.705885,0.000087
17.289217,0.000187
21.872552,0.000266
26.455888,0.000319
31.039208,0.000407
35.622558,0.000384
40.205883,0.000592
44.789207,0.00062
49.372557,0.000618
53.955881,0.000799
58.539224,0.000804
63.122548,0.0008
67.698414,0.000985
