Voltaje_(V),Corriente_(A)
-37.484393,-0.000027
-33.127446,-0.000026
-28.544114,-0.000022
-23.960786,-0.000021
-19.377444,-0.000019
-14.794119,-0.000018
-10.21078,-0.000013
-5.627445,-0.00001
-1.044128,-0.000005
3.539226,0.000003
8.122554,0.000022
12.705885,0.000081
17.289217,0.000139
21.872552,0.000247
26.455888,0.000294
31.039208,0.000347
35.622558,0.000502
40.205883,0.000523
44.789207,0.000531
49.372557,0.000676
53.955881,0.000659
58.539224,0.000778
63.122548,0.000783
67.698414,0.000885
