Voltaje_(V),Corriente_(A)
-36.857467,-0.000028
-31.882831,-0.000035
-26.466172,-0.000029
-21.049497,-0.000022
-15.632833,-0.000023
-10.216166,-0.000016
-4.799502,-0.000012
0.617158,-0.000004
6.033833,0.000014
11.450504,0.000081
16.867167,0.000179
22.283831,0.00027
27.700502,0.000337
33.117166,0.000454
38.533826,0.000518
43.950497,0.000584
49.367168,0.000681
54.783828,0.000694
60.200499,0.00079
65.617174,0.000889
71.03383,0.000925
76.450497,0.0008
81.867168,0.001119
87.283832,0.001049
