Voltaje_(V),Corriente_(A)
-36.855625,-0.000021
-31.882835,-0.000014
-26.466172,-0.000015
-21.0495,-0.000019
-15.632833,-0.000014
-10.216169,-0.000007
-4.799491,-0.000005
0.617154,-0.000002
6.033836,0.000008
11.4505,0.000031
16.86716,0.000102
22.283831,0.000135
27.700502,0.00013
33.117162,0.000162
38.533833,0.000308
43.950497,0.000194
49.367172,0.000186
54.783831,0.000156
60.200499,0.000161
65.617162,0.000165
71.033837,0.000317
76.450501,0.000217
81.867168,0.000294
87.283832,0.000319
