Voltaje_(V),Corriente_(A)
-36.884926,-0.000034
-31.881518,-0.000028
-26.464835,-0.000029
-21.048168,-0.000025
-15.631508,-0.000022
-10.214837,-0.000018
-4.79817,-0.000014
0.618486,-0.000005
6.035161,0.000014
11.451829,0.000077
16.868489,0.000174
22.285163,0.000281
27.701827,0.000335
33.118494,0.000449
38.535154,0.000562
43.951825,0.000602
49.3685,0.000675
54.785145,0.000755
60.201835,0.00084
65.618499,0.000861
71.035159,0.001058
76.451826,0.000984
81.868486,0.00113
87.284714,0.001144
