Voltaje_(V),Corriente_(A)
-37.484393,-0.000031
-33.127446,-0.000026
-28.544114,-0.000022
-23.960786,-0.000015
-19.377444,-0.000016
-14.794119,-0.000009
-10.21078,-0.000009
-5.627445,-0.000007
-1.044128,-0.000004
3.539226,0.000004
8.122554,0.000035
12.705885,0.000066
17.289217,0.000104
21.872552,0.000183
26.455888,0.000239
31.039208,0.00025
35.622558,0.000406
40.205883,0.000609
44.789207,0.000291
49.372557,0.000335
53.955881,0.000638
58.539224,0.000108
