Voltaje_(V),Corriente_(A)
-36.855759,-0.000033
-31.882839,-0.000035
-26.466168,-0.000031
-21.049497,-0.000023
-15.632837,-0.000024
-10.216166,-0.000018
-4.799495,-0.000013
0.617158,-0.000004
6.033836,0.000014
11.4505,0.000093
16.867156,0.000195
22.283842,0.000269
27.700498,0.000322
33.117162,0.00049
38.533833,0.000619
43.950493,0.000476
49.367172,0.000545
54.78382,0.000688
60.200506,0.00075
65.61717,0.000858
71.033834,0.000917
76.450501,0.000896
81.867157,0.000896
87.283843,0.000988
