Voltaje_(V),Corriente_(A)
-37.484393,-0.00003
-33.127446,-0.000031
-28.544114,-0.00003
-23.960786,-0.000025
-19.377444,-0.000022
-14.794119,-0.000013
-10.21078,-0.000015
-5.627445,-0.000012
-1.044128,-0.000003
3.539226,0.000004
8.122554,0.000027
12.705885,0.000061
17.289217,0.000132
21.872552,0.000276
26.455888,0.000253
31.039208,0.00041
35.622558,0.000565
40.205883,0.000396
44.789207,0.000702
49.372557,0.000641
53.955881,0.000836
58.539224,0.000766
63.122548,0.000521
67.698414,0.00087
