Voltaje_(V),Corriente_(A)
-36.886084,-0.000013
-31.881507,-0.000011
-26.464843,-0.00001
-21.048172,-0.00001
-15.631501,-0.000007
-10.214837,-0.000008
-4.79817,-0.000005
0.618494,-0.000002
6.035158,0.000005
11.451832,0.000026
16.868489,0.000068
22.28516,0.000101
27.701831,0.000117
33.118494,0.000226
38.535158,0.000221
43.951825,0.000272
49.368493,0.000443
54.785156,0.000605
60.201827,0.000566
65.618495,0.000648
71.035159,0.000799
76.45183,0.000824
81.868493,0.000848
87.28471,0.000826
