Voltaje_(V),Corriente_(A)
-36.855018,-0.000013
-31.882843,-0.00001
-26.466157,-0.00001
-21.049493,-0.000009
-15.632837,-0.000008
-10.216166,-0.000007
-4.799491,-0.000006
0.617162,-0.000002
6.033829,0.000005
11.450504,0.000026
16.867167,0.000061
22.283827,0.000119
27.70051,0.000206
33.117162,0.00025
38.533829,0.000363
43.950497,0.000419
49.367164,0.000538
54.783835,0.000578
60.200499,0.000555
65.617166,0.000641
71.03383,0.000763
76.450486,0.000859
81.867172,0.001049
87.283839,0.001026
