Voltaje_(V),Corriente_(A)
-36.855364,-0.000031
-31.882835,-0.000025
-26.466164,-0.000021
-21.049497,-0.000025
-15.632833,-0.000022
-10.216169,-0.000017
-4.799495,-0.00001
0.617165,-0.000004
6.033829,0.000017
11.450507,0.000076
16.867164,0.000162
22.283831,0.000236
27.700506,0.000233
33.117166,0.000352
38.533826,0.000254
43.9505,0.000458
49.367153,0.000475
54.783843,0.00055
60.200499,0.000561
65.61717,0.000515
71.033826,0.000387
76.450493,0.000501
81.867168,0.000529
87.283828,0.000608
