Voltaje_(V),Corriente_(A)
-36.885224,-0.000026
-31.881507,-0.000018
-26.464843,-0.000021
-21.048164,-0.00002
-15.631508,-0.000014
-10.214837,-0.000014
-4.798166,-0.000008
0.618486,-0.000003
6.035161,0.000013
11.451829,0.000064
16.868489,0.000113
22.285163,0.000145
27.701823,0.000135
33.118498,0.000179
38.535154,0.000143
43.951822,0.00027
49.368504,0.000212
54.785156,0.000319
60.20182,0.000194
65.618495,0.000482
71.035155,0.000404
76.451833,0.000423
81.868497,0.000351
87.28471,0.000183
