Voltaje_(V),Corriente_(A)
-36.886423,-0.000039
-31.881499,-0.000037
-26.464839,-0.000031
-21.048172,-0.000027
-15.631512,-0.000022
-10.214837,-0.00002
-4.79817,-0.000016
0.618494,-0.000005
6.035165,0.000014
11.451832,0.000095
16.868489,0.000215
22.285156,0.000315
27.701834,0.000376
33.118483,0.000488
38.535165,0.000554
43.951825,0.000605
49.368489,0.000619
54.78516,0.000673
60.201839,0.000764
65.618495,0.000798
71.035159,0.000883
76.451822,0.000852
81.868497,0.000972
87.284707,0.000958
