Voltaje_(V),Corriente_(A)
-37.484393,-0.000003
-33.127446,-0.000002
-28.544114,-0.000002
-23.960786,-0.000001
-19.377444,-0.000001
-14.794119,-0.000001
-10.21078,0
-5.627445,0
-1.044128,0.000001
3.539226,0.000002
8.122554,0.000003
12.705885,0.000005
17.289217,0.000006
21.872552,0.000007
26.455888,0.000008
31.039208,0.000009
35.622558,0.000009
40.205883,0.000012
44.789207,0.000012
49.372557,0.000024
53.955881,0.000041
58.539224,0.000076
63.122548,0.000063
67.698414,0.000065
