Voltaje_(V),Corriente_(A)
-37.484393,-0.000004
-33.127446,-0.000002
-28.544114,-0.000002
-23.960786,-0.000001
-19.377444,-0.000001
-14.794119,-0.000001
-10.21078,0
-5.627445,0
-1.044128,0
3.539226,0.000001
8.122554,0.000005
12.705885,0.000011
17.289217,0.000014
21.872552,0.000019
26.455888,0.000023
31.039208,0.000029
35.622558,0.000032
40.205883,0.000035
44.789207,0.00004
49.372557,0.000045
53.955881,0.000051
58.539224,0.000056
63.122548,0.000059
67.698414,0.00006
