Voltaje_(V),Corriente_(A)
-37.484393,-0.000003
-33.127446,-0.000002
-28.544114,-0.000002
-23.960786,-0.000001
-19.377444,-0.000001
-14.794119,-0.000001
-10.21078,0
-5.627445,0
-1.044128,0.000001
3.539226,0.000003
8.122554,0.000006
12.705885,0.00001
17.289217,0.000014
21.872552,0.000017
26.455888,0.000019
31.039208,0.000023
35.622558,0.000027
40.205883,0.00003
44.789207,0.000033
49.372557,0.000035
53.955881,0.000041
58.539224,0.000043
63.122548,0.000047
67.698414,0.000052
