Voltaje_(V),Corriente_(A)
-37.684714,-0.000011
-33.109328,-0.000011
-28.525993,-0.000009
-23.942658,-0.000007
-19.359322,-0.000008
-14.775998,-0.000007
-10.192652,-0.000005
-5.609327,-0.000004
-1.025999,-0.000002
3.557336,0
8.140679,0.00001
12.724007,0.00003
17.307338,0.000044
21.890677,0.000061
26.474005,0.000073
31.057337,0.000097
35.640672,0.000105
40.224004,0.000111
44.807343,0.000119
49.390667,0.000189
53.973999,0.000138
58.557349,0.00016
63.140669,0.000162
67.499489,0.000205
