Voltaje_(V),Corriente_(A)
-37.684714,-0.000009
-33.109328,-0.000008
-28.525993,-0.000008
-23.942658,-0.000008
-19.359322,-0.000006
-14.775998,-0.000005
-10.192652,-0.000004
-5.609327,-0.000003
-1.025999,-0.000002
3.557336,0
8.140679,0.00001
12.724007,0.000022
17.307338,0.000035
21.890677,0.00005
26.474005,0.000056
31.057337,0.000077
35.640672,0.000089
40.224004,0.000093
44.807343,0.000098
49.390667,0.000117
53.973999,0.000122
58.557349,0.00015
63.140669,0.000151
67.499489,0.000152
