Voltaje_(V),Corriente_(A)
-37.684714,-0.000007
-33.109328,-0.000005
-28.525993,-0.000005
-23.942658,-0.000005
-19.359322,-0.000004
-14.775998,-0.000005
-10.192652,-0.000003
-5.609327,-0.000002
-1.025999,-0.000001
3.557336,0.000001
8.140679,0.000007
12.724007,0.000016
17.307338,0.000039
21.890677,0.000036
26.474005,0.000046
31.057337,0.00007
35.640672,0.000064
40.224004,0.000074
44.807343,0.000075
49.390667,0.000087
53.973999,0.000093
58.557349,0.000097
63.140669,0.000112
67.499489,0.000123
