Voltaje_(V),Corriente_(A)
-37.684714,-0.000013
-33.109328,-0.000011
-28.525993,-0.000009
-23.942658,-0.000009
-19.359322,-0.000007
-14.775998,-0.000007
-10.192652,-0.000006
-5.609327,-0.000005
-1.025999,-0.000002
3.557336,0
8.140679,0.00001
12.724007,0.000034
17.307338,0.000058
21.890677,0.000068
26.474005,0.000092
31.057337,0.000086
35.640672,0.000105
40.224004,0.00011
44.807343,0.000144
49.390667,0.000145
53.973999,0.000136
58.557349,0.000173
63.140669,0.000168
67.499489,0.000179
