Voltaje_(V),Corriente_(A)
-37.484393,-0.000088
-33.127446,-0.000071
-28.544114,-0.000087
-23.960786,-0.000077
-19.377444,-0.000073
-14.794119,-0.000057
-10.21078,-0.000056
-5.627445,-0.000048
-1.044128,-0.000032
3.539226,-0.000002
8.122554,0.000053
12.705885,0.000209
17.289217,0.000411
21.872552,0.000763
26.455888,0.000988
31.039208,0.001084
35.622558,0.001334
40.205883,0.001507
44.789207,0.00161
49.372557,0.002128
53.955881,0.0019
58.539224,0.001788
63.122548,0.002219
67.698414,0.002355
