Voltaje_(V),Corriente_(A)
-37.484393,-0.000123
-33.127446,-0.00012
-28.544114,-0.000105
-23.960786,-0.000099
-19.377444,-0.000101
-14.794119,-0.000092
-10.21078,-0.000073
-5.627445,-0.000061
-1.044128,-0.000035
3.539226,-0.000002
8.122554,0.000107
12.705885,0.000281
17.289217,0.000705
21.872552,0.000885
26.455888,0.001096
31.039208,0.001144
35.622558,0.00147
40.205883,0.001828
44.789207,0.001848
49.372557,0.001884
53.955881,0.00213
58.539224,0.002228
63.122548,0.002112
67.698414,0.002305
