Voltaje_(V),Corriente_(A)
-37.484393,-0.000134
-33.127446,-0.000133
-28.544114,-0.000132
-23.960786,-0.00013
-19.377444,-0.000098
-14.794119,-0.000094
-10.21078,-0.000079
-5.627445,-0.000065
-1.044128,-0.000036
3.539226,0.000001
8.122554,0.000093
12.705885,0.000314
17.289217,0.000586
21.872552,0.000815
26.455888,0.001073
31.039208,0.001045
35.622558,0.001386
40.205883,0.001434
44.789207,0.00165
49.372557,0.002047
53.955881,0.001962
58.539224,0.001605
63.122548,0.002154
67.698414,0.002369
