Voltaje_(V),Corriente_(A)
-37.484393,-0.000074
-33.127446,-0.000069
-28.544114,-0.000065
-23.960786,-0.000059
-19.377444,-0.000062
-14.794119,-0.00005
-10.21078,-0.000046
-5.627445,-0.00004
-1.044128,-0.000026
3.539226,-0.000003
8.122554,0.000043
12.705885,0.000186
17.289217,0.000413
21.872552,0.000554
26.455888,0.000698
31.039208,0.000861
35.622558,0.001082
40.205883,0.000985
44.789207,0.001359
49.372557,0.001803
53.955881,0.00165
58.539224,0.001776
63.122548,0.002184
67.698414,0.002176
