Voltaje_(V),Corriente_(A)
-37.484393,-0.000124
-33.127446,-0.000126
-28.544114,-0.000118
-23.960786,-0.000113
-19.377444,-0.00011
-14.794119,-0.000099
-10.21078,-0.000076
-5.627445,-0.000058
-1.044128,-0.000036
3.539226,0.000001
8.122554,0.000087
12.705885,0.000317
17.289217,0.000553
21.872552,0.000862
26.455888,0.001053
31.039208,0.001317
35.622558,0.001532
40.205883,0.001736
44.789207,0.002098
49.372557,0.001971
53.955881,0.002086
58.539224,0.002011
63.122548,0.0026
67.698414,0.002371
