Voltaje_(V),Corriente_(A)
-37.484393,-0.000137
-33.127446,-0.000122
-28.544114,-0.000146
-23.960786,-0.000129
-19.377444,-0.000107
-14.794119,-0.000106
-10.21078,-0.000078
-5.627445,-0.000069
-1.044128,-0.000041
3.539226,0
8.122554,0.000091
12.705885,0.000332
17.289217,0.000609
21.872552,0.000902
26.455888,0.001274
31.039208,0.001431
35.622558,0.001376
40.205883,0.001386
44.789207,0.001981
49.372557,0.001898
53.955881,0.002178
58.539224,0.002227
63.118261,0.002366
67.7016,0.002148
