Voltaje_(V),Corriente_(A)
-37.484393,-0.00003
-33.127446,-0.000034
-28.544114,-0.000029
-23.960786,-0.000023
-19.377444,-0.000021
-14.794119,-0.000017
-10.21078,-0.000012
-5.627445,-0.000012
-1.044128,-0.000007
3.539226,0.000003
8.122554,0.000029
12.705885,0.000081
17.289217,0.000179
21.872552,0.000185
26.455888,0.000257
31.039208,0.000256
35.622558,0.000318
40.205883,0.000353
44.789207,0.000301
49.372557,0.000296
53.955881,0.000393
58.539224,0.000358
63.122548,0.000406
67.698414,0.000413
