Voltaje_(V),Corriente_(A)
-37.484393,-0.000019
-33.127446,-0.000017
-28.544114,-0.000014
-23.960786,-0.000012
-19.377444,-0.000011
-14.794119,-0.00001
-10.21078,-0.000008
-5.627445,-0.000007
-1.044128,-0.000004
3.539226,0.000003
8.122554,0.000019
12.705885,0.000055
17.289217,0.00011
21.872552,0.000165
26.455888,0.000187
31.039208,0.000205
35.622558,0.000255
40.205883,0.000296
44.789207,0.000352
49.372557,0.000379
53.955881,0.000491
58.539224,0.000511
63.122548,0.000541
67.698414,0.000643
