Voltaje_(V),Corriente_(A)
-37.484393,-0.000039
-33.127446,-0.000036
-28.544114,-0.000035
-23.960786,-0.000029
-19.377444,-0.000029
-14.794119,-0.000024
-10.21078,-0.000022
-5.627445,-0.000016
-1.044128,-0.000008
3.539226,0.000004
8.122554,0.000043
12.705885,0.000113
17.289217,0.000195
21.872552,0.000276
26.455888,0.000356
31.039208,0.000389
35.622558,0.000503
40.205883,0.000573
44.789207,0.000618
49.372557,0.00058
53.955881,0.000648
58.539224,0.000799
63.122548,0.000848
67.698414,0.000925
