Voltaje_(V),Corriente_(A)
-37.484393,-0.000004
-33.127446,-0.000003
-28.544114,-0.000003
-23.960786,-0.000003
-19.377444,-0.000002
-14.794119,-0.000002
-10.21078,-0.000002
-5.627445,-0.000001
-1.044128,-0.000001
3.539226,-0.000001
8.122554,0.000003
12.705885,0.000007
17.289217,0.00001
21.872552,0.000014
26.455888,0.000018
31.039208,0.000022
35.622558,0.000026
40.205883,0.000028
44.789207,0.000032
49.372557,0.000036
53.955881,0.000038
58.539224,0.000044
63.118261,0.000047
67.7016,0.000051
