Voltaje_(V),Corriente_(A)
-37.484393,-0.000028
-33.127446,-0.000022
-28.544114,-0.000018
-23.960786,-0.000014
-19.377444,-0.000012
-14.794119,-0.00001
-10.21078,-0.000007
-5.627445,-0.000005
-1.044128,-0.000002
3.539226,0.000002
8.122554,0.000016
12.705885,0.000037
17.289217,0.00006
21.872552,0.00008
26.455888,0.000093
31.039208,0.000106
35.622558,0.000117
40.205883,0.000114
44.789207,0.000134
49.372557,0.000197
53.955881,0.000166
58.539224,0.000184
63.122548,0.000223
67.698414,0.000211
