Voltaje_(V),Corriente_(A)
-37.484393,-0.000006
-33.127446,-0.000004
-28.544114,-0.000003
-23.960786,-0.000005
-19.377444,-0.000004
-14.794119,-0.000005
-10.21078,-0.000003
-5.627445,-0.000002
-1.044128,-0.000002
3.539226,-0.000001
8.122554,0.000002
12.705885,0.000008
17.289217,0.000012
21.872552,0.000017
26.455888,0.00002
31.039208,0.000024
35.622558,0.00003
40.205883,0.00003
44.789207,0.000051
49.372557,0.000043
53.955881,0.000041
58.539224,0.000043
63.122548,0.000048
67.4546,0.000052
