Voltaje_(V),Corriente_(A)
-37.484393,-0.000005
-33.127446,-0.000006
-28.544114,-0.000003
-23.960786,-0.000005
-19.377444,-0.000003
-14.794119,-0.000003
-10.21078,-0.000002
-5.627445,-0.000002
-1.044128,-0.000002
3.539226,-0.000001
8.122554,0.000003
12.705885,0.000009
17.289217,0.000014
21.872552,0.000018
26.455888,0.000045
31.039208,0.000026
35.622558,0.00003
40.205883,0.000034
44.789207,0.000039
49.372557,0.000042
53.955881,0.000044
58.539224,0.000047
63.122548,0.000055
67.698414,0.000053
