Voltaje_(V),Corriente_(A)
-37.484393,-0.000005
-33.127446,-0.000004
-28.544114,-0.000004
-23.960786,-0.000004
-19.377444,-0.000003
-14.794119,-0.000003
-10.21078,-0.000002
-5.627445,-0.000002
-1.044128,-0.000001
3.539226,-0.000001
8.122554,0.000003
12.705885,0.000008
17.289217,0.000015
21.872552,0.000017
26.455888,0.000022
31.039208,0.000025
35.622558,0.000027
40.205883,0.000036
44.789207,0.00004
49.372557,0.000041
53.955881,0.000047
58.539224,0.000049
63.118261,0.000053
67.7016,0.000056
