Voltaje_(V),Corriente_(A)
-37.484393,-0.000031
-33.127446,-0.00003
-28.544114,-0.000027
-23.960786,-0.000027
-19.377444,-0.000024
-14.794119,-0.000023
-10.21078,-0.000015
-5.627445,-0.000013
-1.044128,-0.000007
3.539226,0.000004
8.122554,0.000032
12.705885,0.000102
17.289217,0.000203
21.872552,0.000271
26.455888,0.000311
31.039208,0.000411
35.622558,0.000505
40.205883,0.00047
44.789207,0.000612
49.372557,0.00067
53.955881,0.000722
58.539224,0.000791
63.122548,0.00087
67.698414,0.000793
