Voltaje_(V),Corriente_(A)
-37.484393,-0.000028
-33.127446,-0.000024
-28.544114,-0.000025
-23.960786,-0.000023
-19.377444,-0.000017
-14.794119,-0.000015
-10.21078,-0.000009
-5.627445,-0.000011
-1.044128,-0.000005
3.539226,0.000003
8.122554,0.000026
12.705885,0.00006
17.289217,0.000046
21.872552,0.000123
26.455888,0.000127
31.039208,0.000082
35.622558,0.000177
40.205883,0.000161
44.789207,0.00023
49.372557,0.000116
53.955881,0.000121
58.539224,0.000119
