Voltaje_(V),Corriente_(A)
-37.484393,-0.000011
-33.127446,-0.00001
-28.544114,-0.000009
-23.960786,-0.000007
-19.377444,-0.000006
-14.794119,-0.000006
-10.21078,-0.000004
-5.627445,-0.000004
-1.044128,-0.000002
3.539226,0.000001
8.122554,0.000011
12.705885,0.000025
17.289217,0.000046
21.872552,0.000052
26.455888,0.000074
31.039208,0.000073
35.622558,0.000073
40.205883,0.000088
44.789207,0.000116
49.372557,0.000092
53.955881,0.000085
58.539224,0.000096
63.122548,0.000154
