Voltaje_(V),Corriente_(A)
-37.484393,-0.000039
-33.127446,-0.000035
-28.544114,-0.00003
-23.960786,-0.000026
-19.377444,-0.000028
-14.794119,-0.000025
-10.21078,-0.000019
-5.627445,-0.000014
-1.044128,-0.000008
3.539226,0.000003
8.122554,0.000041
12.705885,0.000111
17.289217,0.0002
21.872552,0.000296
26.455888,0.000324
31.039208,0.000402
35.622558,0.000463
40.205883,0.000487
44.789207,0.000566
49.372557,0.000638
53.955881,0.000522
58.539224,0.000701
63.122548,0.00066
67.698414,0.000732
