Voltaje_(V),Corriente_(A)
-37.484393,-0.000031
-33.127446,-0.000027
-28.544114,-0.000025
-23.960786,-0.000023
-19.377444,-0.00002
-14.794119,-0.000022
-10.21078,-0.000015
-5.627445,-0.000012
-1.044128,-0.000006
3.539226,0.000003
8.122554,0.000031
12.705885,0.000083
17.289217,0.000123
21.872552,0.000204
26.455888,0.00028
31.039208,0.000367
35.622558,0.000366
40.205883,0.000421
44.789207,0.000497
49.372557,0.000471
53.955881,0.000682
58.539224,0.000669
63.122548,0.000755
67.698414,0.000713
