Voltaje_(V),Corriente_(A)
-37.484393,-0.000007
-33.127446,-0.000005
-28.544114,-0.000005
-23.960786,-0.000007
-19.377444,-0.000004
-14.794119,-0.000003
-10.21078,-0.000004
-5.627445,-0.000003
-1.044128,-0.000002
3.539226,-0.000001
8.122554,0.000006
12.705885,0.000023
17.289217,0.000022
21.872552,0.000034
26.455888,0.000038
31.039208,0.000044
35.622558,0.000038
40.205883,0.000082
44.789207,0.000047
49.372557,0.000057
53.955881,0.000081
58.539224,0.000062
63.122548,0.000069
67.698414,0.000078
