Voltaje_(V),Corriente_(A)
-37.484393,-0.000017
-33.127446,-0.000019
-28.544114,-0.000015
-23.960786,-0.000012
-19.377444,-0.000013
-14.794119,-0.000013
-10.21078,-0.000007
-5.627445,-0.000004
-1.044128,-0.000004
3.539226,0.000001
8.122554,0.000008
12.705885,0.000037
17.289217,0.00002
21.872552,0.000083
26.455888,0.000069
31.039208,0.00006
35.622558,0.000086
40.205883,0.000115
