Voltaje_(V),Corriente_(A)
-37.684714,-0.000008
-33.109328,-0.000006
-28.525993,-0.000006
-23.942658,-0.000008
-19.359322,-0.000005
-14.775998,-0.000004
-10.192652,-0.000003
-5.609327,-0.000002
-1.025999,-0.000002
3.557336,0
8.140679,0.000008
12.724007,0.00002
17.307338,0.000031
21.890677,0.00004
26.474005,0.000057
31.057337,0.00006
35.640672,0.000072
40.224004,0.00008
44.807343,0.000088
49.390667,0.000109
53.973999,0.000107
58.557349,0.000115
63.140669,0.00014
67.499489,0.00014
