Voltaje_(V),Corriente_(A)
-37.684714,-0.000024
-33.109328,-0.000022
-28.525993,-0.000019
-23.942658,-0.000016
-19.359322,-0.000015
-14.775998,-0.000011
-10.192652,-0.00001
-5.609327,-0.000007
-1.025999,-0.000005
3.557336,0.000001
8.140679,0.000015
12.724007,0.000044
17.307338,0.000074
21.890677,0.000102
26.474005,0.000123
31.057337,0.000163
35.640672,0.000188
40.224004,0.000174
44.807343,0.000186
49.390667,0.000216
53.973999,0.000238
58.557349,0.000242
63.140669,0.000262
67.499489,0.000295
