Voltaje_(V),Corriente_(A)
-37.684714,-0.000038
-33.109328,-0.000031
-28.525993,-0.000026
-23.942658,-0.000023
-19.359322,-0.000019
-14.775998,-0.000015
-10.192652,-0.000012
-5.609327,-0.000009
-1.025999,-0.000005
3.557336,0.000002
8.140679,0.000019
12.724007,0.000055
17.307338,0.000093
21.890677,0.000114
26.474005,0.000153
31.057337,0.000168
35.640672,0.000186
40.224004,0.000199
44.807343,0.000216
49.390667,0.00022
53.973999,0.000238
58.557349,0.00026
63.140669,0.000263
67.499489,0.000298
