Voltaje_(V),Corriente_(A)
-37.684714,-0.000013
-33.109328,-0.000011
-28.525993,-0.00001
-23.942658,-0.000009
-19.359322,-0.000008
-14.775998,-0.000007
-10.192652,-0.000005
-5.609327,-0.000004
-1.025999,-0.000002
3.557336,0.000001
8.140679,0.000011
12.724007,0.000032
17.307338,0.000052
21.890677,0.00006
26.474005,0.000072
31.057337,0.000105
35.640672,0.000099
40.224004,0.000104
44.807343,0.000114
49.390667,0.000151
53.973999,0.000133
58.557349,0.000142
63.140669,0.000149
67.499489,0.000185
