Voltaje_(V),Corriente_(A)
-37.684714,-0.000007
-33.109328,-0.000005
-28.525993,-0.000005
-23.942658,-0.000004
-19.359322,-0.000004
-14.775998,-0.000004
-10.192652,-0.000003
-5.609327,-0.000002
-1.025999,-0.000001
3.557336,0.000001
8.140679,0.000006
12.724007,0.000016
17.307338,0.000026
21.890677,0.000035
26.474005,0.000042
31.057337,0.000053
35.640672,0.000061
40.224004,0.000072
44.807343,0.000077
49.390667,0.000082
53.973999,0.00009
58.557349,0.0001
63.123475,0.000112
67.695574,0.000123
