Voltaje_(V),Corriente_(A)
-37.684714,-0.000008
-33.109328,-0.000007
-28.525993,-0.000006
-23.942658,-0.000005
-19.359322,-0.000005
-14.775998,-0.000005
-10.192652,-0.000003
-5.609327,-0.000003
-1.025999,-0.000002
3.557336,0
8.140679,0.000007
12.724007,0.000021
17.307338,0.000042
21.890677,0.000048
26.474005,0.000067
31.057337,0.000061
35.640672,0.000076
40.224004,0.000078
44.807343,0.000099
49.390667,0.00011
53.973999,0.000106
58.557349,0.000121
63.140669,0.000114
67.499489,0.000139
