Voltaje_(V),Corriente_(A)
-37.684714,-0.000008
-33.109328,-0.000006
-28.525993,-0.000006
-23.942658,-0.000006
-19.359322,-0.000006
-14.775998,-0.000005
-10.192652,-0.000004
-5.609327,-0.000003
-1.025999,-0.000002
3.557336,0
8.140679,0.000007
12.724007,0.000021
17.307338,0.000034
21.890677,0.000045
26.474005,0.000059
31.057337,0.000075
35.640672,0.000074
40.224004,0.000097
44.807343,0.000101
49.390667,0.00012
53.973999,0.000124
58.557349,0.000135
63.140669,0.000138
67.499489,0.000155
