Voltaje_(V),Corriente_(A)
-37.684714,-0.000013
-33.109328,-0.000011
-28.525993,-0.00001
-23.942658,-0.00001
-19.359322,-0.000009
-14.775998,-0.000007
-10.192652,-0.000006
-5.609327,-0.000005
-1.025999,-0.000003
3.557336,0
8.140679,0.000012
12.724007,0.000038
17.307338,0.000057
21.890677,0.000081
26.474005,0.000089
31.057337,0.000101
35.640672,0.000133
40.224004,0.000169
44.807343,0.000162
49.390667,0.000186
53.973999,0.000202
58.557349,0.000229
63.140669,0.000236
67.499489,0.000221
