Voltaje_(V),Corriente_(A)
-37.484393,-0.000004
-33.127446,-0.000002
-28.544114,-0.000002
-23.960786,-0.000002
-19.377444,-0.000002
-14.794119,-0.000001
-10.21078,-0.000001
-5.627445,0
-1.044128,0
3.539226,0.000001
8.122554,0.000006
12.705885,0.000011
17.289217,0.000016
21.872552,0.000021
26.455888,0.000025
31.039208,0.000029
35.622558,0.000034
40.205883,0.000038
44.789207,0.000045
49.372557,0.000048
53.955881,0.000055
58.539224,0.00006
