Voltaje_(V),Corriente_(A)
-37.484393,-0.000003
-33.127446,-0.000001
-28.544114,-0.000001
-23.960786,-0.000001
-19.377444,0
-14.794119,0
-10.21078,0
-5.627445,0
-1.044128,0.000001
3.539226,0.000002
8.122554,0.000005
12.705885,0.000009
17.289217,0.000012
21.872552,0.000016
26.455888,0.000019
31.039208,0.000023
35.622558,0.000026
40.205883,0.00003
44.789207,0.000034
49.372557,0.000038
53.955881,0.000043
58.539224,0.000046
63.122548,0.000049
67.698414,0.000052
