Voltaje_(V),Corriente_(A)
-37.484393,-0.000012
-33.127446,-0.000008
-28.544114,-0.000009
-23.960786,-0.000007
-19.377444,-0.000006
-14.794119,-0.000005
-10.21078,-0.000005
-5.627445,-0.000005
-1.044128,-0.000002
3.539226,0
8.122554,0.000006
12.705885,0.000021
17.289217,0.000035
21.872552,0.000051
26.455888,0.000054
31.039208,0.000061
35.622558,0.000091
40.205883,0.00008
44.789207,0.000097
49.372557,0.000106
53.955881,0.000108
58.539224,0.000144
63.118261,0.00011
67.7016,0.000129
