Voltaje_(V),Corriente_(A)
-37.676303,-0.000001
-33.111561,-0.000001
-28.52823,-0.000007
-23.944898,-0.000018
-19.361559,-0.000014
-14.778227,-0.000011
-10.194892,-0.000008
-5.611568,-0.000005
-1.028229,-0.000001
3.555107,0.000004
8.138431,0.000015
12.721777,0.000032
17.305105,0.000045
21.888433,0.000057
26.471772,0.000067
31.055104,0.000069
35.638432,0.00008
40.221778,0.000088
44.805095,0.00009
49.388441,0.0001
53.971769,0.000124
58.555116,0.00012
63.138436,0.000127
67.540599,0.000143
