Voltaje_(V),Corriente_(A)
-37.484393,-0.000009
-33.127446,-0.000007
-28.544114,-0.000007
-23.960786,-0.000006
-19.377444,-0.000005
-14.794119,-0.000005
-10.21078,-0.000004
-5.627445,-0.000003
-1.044128,-0.000002
3.539226,0.000001
8.122554,0.000008
12.705885,0.00002
17.289217,0.000031
21.872552,0.000041
26.455888,0.00005
31.039208,0.000058
35.622558,0.000069
40.205883,0.000084
44.789207,0.000091
49.372557,0.000107
53.955881,0.000117
58.539224,0.000127
63.122548,0.00013
67.698414,0.000153
