Voltaje_(V),Corriente_(A)
-37.484393,-0.000008
-33.127446,-0.000007
-28.544114,-0.000007
-23.960786,-0.000005
-19.377444,-0.000006
-14.794119,-0.000005
-10.21078,-0.000003
-5.627445,-0.000003
-1.044128,-0.000002
3.539226,0
8.122554,0.000006
12.705885,0.000013
17.289217,0.000033
21.872552,0.000041
26.455888,0.000058
31.039208,0.000059
35.622558,0.000057
40.205883,0.00007
44.789207,0.000084
49.372557,0.000115
53.955881,0.000091
58.539224,0.000101
63.122548,0.000095
67.698414,0.000113
