Voltaje_(V),Corriente_(A)
-37.676303,-0.000008
-33.111561,-0.000008
-28.52823,-0.000007
-23.944898,-0.000006
-19.361559,-0.000005
-14.778227,-0.000005
-10.194892,-0.000004
-5.611568,-0.000003
-1.028229,-0.000002
3.555107,0.000001
8.138431,0.000008
12.721777,0.000021
17.305105,0.000038
21.888433,0.000044
26.471772,0.000062
31.055104,0.000065
35.638432,0.000085
40.221778,0.000093
44.805095,0.000096
49.388441,0.000112
53.971769,0.000125
58.555116,0.000141
63.138436,0.000143
67.540599,0.000167
