Voltaje_(V),Corriente_(A)
-37.484393,-0.000007
-33.127446,-0.000007
-28.544114,-0.000005
-23.960786,-0.000006
-19.377444,-0.000005
-14.794119,-0.000005
-10.21078,-0.000004
-5.627445,-0.000003
-1.044128,-0.000002
3.539226,0
8.122554,0.000005
12.705885,0.000017
17.289217,0.000027
21.872552,0.000035
26.455888,0.000041
31.039208,0.000055
35.622558,0.00006
40.205883,0.000069
44.789207,0.00009
49.372557,0.000085
53.955881,0.000101
58.539224,0.000138
63.122548,0.000121
67.698414,0.000124
