Voltaje_(V),Corriente_(A)
-37.676221,-0.00001
-33.111561,-0.000008
-28.528226,-0.000008
-23.944891,-0.000007
-19.361567,-0.000007
-14.77822,-0.000005
-10.194896,-0.000005
-5.611568,-0.000004
-1.028218,-0.000002
3.555103,0
8.138431,0.000009
12.721785,0.000027
17.305105,0.00004
21.888429,0.00006
26.471783,0.000069
31.0551,0.000084
35.638439,0.000087
40.221778,0.000123
44.805095,0.000106
49.388441,0.000121
53.971773,0.000133
58.555105,0.00014
63.13844,0.000189
67.540536,0.000213
