Voltaje_(V),Corriente_(A)
-37.484393,-0.000008
-33.127446,-0.000007
-28.544114,-0.000006
-23.960786,-0.000005
-19.377444,-0.000005
-14.794119,-0.000005
-10.21078,-0.000004
-5.627445,-0.000003
-1.044128,-0.000002
3.539226,0
8.122554,0.000008
12.705885,0.000021
17.289217,0.000034
21.872552,0.000052
26.455888,0.000068
31.039208,0.000059
35.622558,0.000076
40.205883,0.00009
44.789207,0.000105
49.372557,0.000122
53.955881,0.000129
58.539224,0.000124
63.122548,0.000173
67.698414,0.00018
