Voltaje_(V),Corriente_(A)
-37.684714,-0.000009
-33.109328,-0.000008
-28.525993,-0.000007
-23.942658,-0.000006
-19.359322,-0.000005
-14.775998,-0.000004
-10.192652,-0.000003
-5.609327,-0.000003
-1.025999,-0.000001
3.557336,0.000002
8.140679,0.00001
12.724007,0.000024
17.307338,0.000037
21.890677,0.00005
26.474005,0.000057
31.057337,0.000075
35.640672,0.000088
40.224004,0.000097
44.807343,0.000102
49.390667,0.000115
53.973999,0.000131
58.557349,0.000131
63.140669,0.000147
67.499489,0.000159
