Voltaje_(V),Corriente_(A)
-37.684714,-0.000018
-33.109328,-0.000015
-28.525993,-0.000014
-23.942658,-0.000012
-19.359322,-0.00001
-14.775998,-0.000009
-10.192652,-0.000007
-5.609327,-0.000005
-1.025999,-0.000003
3.557336,0.000002
8.140679,0.000015
12.724007,0.000038
17.307338,0.000056
21.890677,0.00007
26.474005,0.000087
31.057337,0.000101
35.640672,0.000113
40.224004,0.000126
44.807343,0.000141
49.390667,0.000148
53.973999,0.000166
58.557349,0.000183
63.140669,0.000174
67.499489,0.000204
