Voltaje_(V),Corriente_(A)
-37.684714,-0.000007
-33.109328,-0.000005
-28.525993,-0.000005
-23.942658,-0.000004
-19.359322,-0.000004
-14.775998,-0.000003
-10.192652,-0.000003
-5.609327,-0.000002
-1.025999,-0.000001
3.557336,0.000001
8.140679,0.000009
12.724007,0.000019
17.307338,0.000031
21.890677,0.000041
26.474005,0.000049
31.057337,0.000058
35.640672,0.000069
40.224004,0.000078
44.807343,0.000086
49.390667,0.000096
53.973999,0.000104
58.557349,0.000115
63.140669,0.000125
67.499489,0.000137
