Voltaje_(V),Corriente_(A)
-37.684714,-0.000009
-33.109328,-0.000008
-28.525993,-0.000006
-23.942658,-0.000005
-19.359322,-0.000005
-14.775998,-0.000004
-10.192652,-0.000003
-5.609327,-0.000002
-1.025999,-0.000001
3.557336,0.000001
8.140679,0.000009
12.724007,0.000022
17.307338,0.000034
21.890677,0.000046
26.474005,0.000054
31.057337,0.000066
35.640672,0.000075
40.224004,0.000089
44.807343,0.000096
49.390667,0.000106
53.973999,0.000118
58.557349,0.000123
63.140669,0.000133
67.499489,0.000151
