Voltaje_(V),Corriente_(A)
-37.684714,-0.000014
-33.109328,-0.000012
-28.525993,-0.00001
-23.942658,-0.000009
-19.359322,-0.000008
-14.775998,-0.000007
-10.192652,-0.000005
-5.609327,-0.000004
-1.025999,-0.000002
3.557336,0.000002
8.140679,0.000012
12.724007,0.000034
17.307338,0.000051
21.890677,0.00007
26.474005,0.000081
31.057337,0.00009
35.640672,0.000108
40.224004,0.000118
44.807343,0.000138
49.390667,0.000138
53.973999,0.000147
58.557349,0.000172
63.140669,0.000187
67.499489,0.00019
