Voltaje_(V),Corriente_(A)
-37.684714,-0.000006
-33.109328,-0.000005
-28.525993,-0.000005
-23.942658,-0.000004
-19.359322,-0.000003
-14.775998,-0.000003
-10.192652,-0.000002
-5.609327,-0.000002
-1.025999,-0.000001
3.557336,0.000001
8.140679,0.000008
12.724007,0.000018
17.307338,0.000027
21.890677,0.000037
26.474005,0.000047
31.057337,0.000057
35.640672,0.000063
40.224004,0.000073
44.807343,0.00008
49.390667,0.000091
53.973999,0.000101
58.557349,0.00011
63.140669,0.000119
67.499489,0.000126
