Voltaje_(V),Corriente_(A)
-37.684714,-0.000007
-33.109328,-0.000005
-28.525993,-0.000005
-23.942658,-0.000004
-19.359322,-0.000004
-14.775998,-0.000003
-10.192652,-0.000003
-5.609327,-0.000002
-1.025999,-0.000001
3.557336,0.000001
8.140679,0.000009
12.724007,0.000019
17.307338,0.00003
21.890677,0.00004
26.474005,0.000052
31.057337,0.00006
35.640672,0.000068
40.224004,0.000083
44.807343,0.000093
49.390667,0.000099
53.973999,0.000113
58.557349,0.00012
63.140669,0.000129
67.499489,0.000134
