Voltaje_(V),Corriente_(A)
-37.484393,-0.000098
-33.127446,-0.000083
-28.544114,-0.000073
-23.960786,-0.00006
-19.377444,-0.000056
-14.794119,-0.000052
-10.21078,-0.000035
-5.627445,-0.000023
-1.044128,-0.000006
3.539226,0.000027
8.122554,0.000075
12.705885,0.000162
17.289217,0.000293
21.872552,0.000418
26.455888,0.000509
31.039208,0.000699
35.622558,0.000774
40.205883,0.000933
44.789207,0.001168
49.372557,0.001055
53.955881,0.001088
58.539224,0.001052
63.122548,0.001183
67.698414,0.001274
