Voltaje_(V),Corriente_(A)
-37.484393,-0.000103
-33.127446,-0.000098
-28.544114,-0.000086
-23.960786,-0.000082
-19.377444,-0.00007
-14.794119,-0.000061
-10.21078,-0.000049
-5.627445,-0.00003
-1.044128,-0.000004
3.539226,0.00003
8.122554,0.000091
12.705885,0.000193
17.289217,0.000374
21.872552,0.00049
26.455888,0.00066
31.039208,0.000776
35.622558,0.000847
40.205883,0.000942
44.789207,0.001002
49.372557,0.001046
53.955881,0.001251
58.539224,0.00129
63.122548,0.001338
67.698414,0.001659
