Voltaje_(V),Corriente_(A)
-37.484393,-0.000069
-33.127446,-0.000071
-28.544114,-0.000062
-23.960786,-0.000057
-19.377444,-0.00005
-14.794119,-0.000043
-10.21078,-0.000032
-5.627445,-0.000017
-1.044128,0.000002
3.539226,0.000033
8.122554,0.000081
12.705885,0.000173
17.289217,0.000282
21.872552,0.0004
26.455888,0.000494
31.039208,0.000607
35.622558,0.000669
40.205883,0.00074
44.789207,0.000873
49.372557,0.000918
53.955881,0.000979
58.539224,0.000989
63.122548,0.001042
67.698414,0.001076
