Voltaje_(V),Corriente_(A)
-37.484393,-0.000086
-33.127446,-0.000075
-28.544114,-0.000069
-23.960786,-0.000062
-19.377444,-0.000056
-14.794119,-0.000046
-10.21078,-0.000035
-5.627445,-0.000022
-1.044128,0
3.539226,0.00003
8.122554,0.000085
12.705885,0.000181
17.289217,0.000311
21.872552,0.000433
26.455888,0.000574
31.039208,0.000663
35.622558,0.00071
40.205883,0.000817
44.789207,0.000985
49.372557,0.000981
53.955881,0.001013
58.539224,0.001092
63.122548,0.001143
67.698414,0.001218
