Voltaje_(V),Corriente_(A)
-37.484393,-0.000161
-33.127446,-0.000144
-28.544114,-0.000131
-23.960786,-0.000115
-19.377444,-0.000102
-14.794119,-0.000084
-10.21078,-0.000063
-5.627445,-0.000037
-1.044128,0
3.539226,0.000049
8.122554,0.00013
12.705885,0.000287
17.289217,0.000483
21.872552,0.000699
26.455888,0.000869
31.039208,0.001087
35.622558,0.001172
40.205883,0.001246
44.789207,0.001359
49.372557,0.001389
53.955881,0.001515
58.539224,0.001568
63.122548,0.001616
67.698414,0.001654
