Voltaje_(V),Corriente_(A)
-37.484393,-0.000072
-33.127446,-0.000071
-28.544114,-0.000063
-23.960786,-0.000057
-19.377444,-0.000049
-14.794119,-0.000043
-10.21078,-0.000031
-5.627445,-0.000016
-1.044128,0.000005
3.539226,0.000037
8.122554,0.000094
12.705885,0.000186
17.289217,0.000343
21.872552,0.000433
26.455888,0.000544
31.039208,0.000657
35.622558,0.000735
40.205883,0.000828
44.789207,0.00094
49.372557,0.000945
53.955881,0.001043
58.539224,0.001119
63.118261,0.001157
67.7016,0.001207
